{
    "mean_squared_error": 0.7943481348636309,
    "r2_score": 0.20634742827998898
}